{
  "dataset_prefix": "subtree6k",
  "euclidean": {
    "dimensions": 100,
    "reconstruction_mse": 51.139232167065394,
    "link_prediction_mean_rank": 2606.3076923076924,
    "separation_ratio": -0.5789791367568415,
    "distribution_overlap": 0.755
  },
  "poincare": {
    "dimensions": 10,
    "reconstruction_mse": 28.17764655063404,
    "link_prediction_mean_rank": 903.5048076923077,
    "separation_ratio": 0.37765091429373276,
    "distribution_overlap": 0.305
  }
}