{
  "euclidean": {
    "mse": 49.61502368686162,
    "mae": 6.056250746201346,
    "rmse": 7.0437932740009925,
    "correlation": -0.08004151417113665
  },
  "poincare": {
    "mse": 43.88867899517184,
    "mae": 5.538334443479776,
    "rmse": 6.624853130083099,
    "correlation": -0.22700229527279306
  }
}