{
  "euclidean": {
    "mse": 51.139232167065394,
    "mae": 6.756314056223454,
    "rmse": 7.151169985888001,
    "correlation": -0.4251044576366876
  },
  "poincare": {
    "mse": 28.17764655063404,
    "mae": 4.80462599863112,
    "rmse": 5.3082621026692,
    "correlation": 0.05989252807366049
  }
}