{
  "euclidean": {
    "mean_rank": 2606.3076923076924,
    "median_rank": 2981.0,
    "hits@1": 0.0,
    "hits@5": 0.0016025641025641025,
    "hits@10": 0.0016025641025641025
  },
  "poincare": {
    "mean_rank": 903.5048076923077,
    "median_rank": 809.0,
    "hits@1": 0.0,
    "hits@5": 0.003205128205128205,
    "hits@10": 0.00641025641025641
  }
}